,Types,DP_score
2167,the,0.057346043
90,and,0.10043177
1,a,0.103659332
2208,to,0.104073576
1060,in,0.130695618
846,for,0.135148495
1478,on,0.147649763
293,by,0.152377347
2182,this,0.155037719
143,at,0.164750224
2166,that,0.20117513
1461,of,0.202865651
1448,not,0.209416249
1129,it,0.214454372
134,as,0.219118051
2407,with,0.227125338
2287,up,0.245704197
2378,when,0.246520906
190,be,0.247178327
979,have,0.249146921
878,from,0.251674707
1124,is,0.261922633
2353,was,0.278138723
983,he,0.280328146
193,because,0.281974162
87,an,0.282244282
1998,some,0.282385904
2169,them,0.292353005
1993,so,0.307785171
975,has,0.313241994
1372,more,0.31863205
2362,we,0.320533172
292,but,0.32225431
109,any,0.324779099
1876,said,0.325393921
123,are,0.336008236
2383,which,0.336224137
1520,over,0.337504091
1515,out,0.338083161
2399,will,0.338125886
2168,their,0.343247022
197,been,0.34468547
2176,they,0.354596592
2388,who,0.370307483
1377,most,0.372204647
2200,time,0.373889434
2375,what,0.374921904
1309,may,0.375509981
2172,there,0.377244464
66,all,0.383648387
817,first,0.38645041
75,also,0.387543483
2184,those,0.390606775
189,bbc,0.391542787
2436,you,0.39359348
692,end,0.395876514
957,had,0.400862019
2431,years,0.407876077
630,down,0.414295424
2425,would,0.416777572
1015,his,0.420349835
6,about,0.420376449
402,come,0.422711901
775,far,0.434384204
1049,if,0.438730899
1427,next,0.444598709
1271,made,0.449220028
1502,or,0.452453677
2171,then,0.453583506
1462,off,0.456234319
2430,year,0.461706847
301,can,0.463530872
1111,into,0.463846769
483,could,0.465304292
643,during,0.466525184
2058,still,0.466613335
893,further,0.4670012
2261,two,0.467386213
132,around,0.469182939
2415,work,0.473000982
1291,many,0.473337333
1481,one,0.475029999
418,company,0.475073634
1747,really,0.48412785
198,before,0.484346024
626,don,0.48554598
1511,other,0.494430506
2164,than,0.495760485
1066,including,0.498636413
1422,never,0.500599978
167,back,0.5022431
5,able,0.507581542
1528,own,0.507908803
1738,re,0.508365605
2218,top,0.511072325
1513,our,0.515484285
931,good,0.516417585
621,doing,0.519362932
1917,see,0.519362932
42,after,0.523447632
1450,now,0.526569488
922,go,0.530926148
1199,lead,0.533216974
1611,points,0.534853278
1839,right,0.537956196
2264,uk,0.539470119
2190,through,0.54368932
220,big,0.544671103
532,day,0.545919542
2134,take,0.549907276
1192,later,0.550561798
1034,how,0.55405258
815,firm,0.555143449
1391,much,0.555143449
1160,keep,0.56332497
582,did,0.563979492
12,access,0.565321261
1485,only,0.566706665
912,get,0.567033926
2371,were,0.567606632
297,called,0.567797535
1248,long,0.568124795
1653,prime,0.572051925
1979,since,0.574375477
1346,minister,0.57454638
648,earlier,0.574779099
1158,just,0.575324534
74,already,0.578160794
1131,its,0.579465474
980,having,0.579469837
1423,new,0.579797098
1563,people,0.581477845
1821,rest,0.582306098
588,difficult,0.58437875
1226,like,0.585469619
1281,making,0.586124141
362,chief,0.586481153
1190,last,0.589816314
2212,told,0.591820038
873,friday,0.592123923
2380,where,0.594523835
2098,such,0.594851096
2361,way,0.595614705
2385,while,0.596596487
1911,second,0.600741791
1823,result,0.602814443
1319,means,0.603032617
2226,towards,0.605323443
1013,him,0.605524834
2294,us,0.605977964
766,failed,0.614486746
2305,ve,0.616777572
617,do,0.616995746
593,director,0.618413876
481,costs,0.619068398
2314,very,0.625286353
2341,want,0.628668048
2418,working,0.630304353
986,health,0.630304353
405,coming,0.632922439
1454,numbers,0.635213265
1914,secure,0.635213265
1185,large,0.635976874
936,great,0.636631395
984,head,0.636631395
1079,industry,0.638704047
1014,himself,0.642631177
1179,labour,0.643285699
421,competition,0.643394786
1949,she,0.645054466
1396,my,0.645249264
487,course,0.646667394
965,hand,0.646667394
1216,level,0.646667394
2175,these,0.647649176
628,done,0.64786735
1295,mark,0.648303698
1282,man,0.653648958
54,ahead,0.657030653
715,european,0.65713974
492,covid,0.657467001
1964,should,0.658776045
480,cost,0.659539653
1350,minutes,0.663794044
1390,ms,0.665866696
1436,no,0.665866696
2390,whose,0.66608487
2382,whether,0.667503
737,executive,0.669248391
1889,says,0.673830043
565,denied,0.673830043
1480,once,0.673830043
896,games,0.67426639
1861,row,0.675029999
1804,reported,0.675466347
895,game,0.677211738
1753,recent,0.677538999
78,although,0.680920694
1097,instead,0.683429693
1204,least,0.685065998
1604,playing,0.685284171
1590,place,0.685720519
2274,under,0.685720519
1875,safety,0.687793171
1389,mr,0.688510848
970,hard,0.695101996
772,families,0.695756518
1425,news,0.695756518
1465,offer,0.695756518
1279,make,0.69782917
110,anything,0.699683648
379,clear,0.702083561
592,directly,0.702083561
1411,needed,0.702083561
2421,world,0.702410821
638,dropped,0.702519908
858,forward,0.702519908
1256,lose,0.702519908
441,confirmed,0.703719865
2392,wide,0.704156213
933,got,0.705792517
1969,side,0.706228864
1181,lack,0.706337951
918,given,0.71102869
385,closed,0.712228646
1285,manchester,0.712228646
2367,well,0.71353769
1403,national,0.713755863
2215,too,0.713755863
339,centre,0.714301298
1497,opportunity,0.714301298
1610,point,0.714301298
1883,saturday,0.715173994
2216,took,0.715173994
9,absolutely,0.716264863
26,added,0.716483037
934,government,0.716483037
2348,warned,0.716483037
1866,run,0.717246646
204,behind,0.717901167
1035,however,0.717901167
1763,red,0.717901167
1792,remaining,0.717901167
1843,risk,0.718119341
2253,turn,0.718119341
2365,week,0.718119341
1868,running,0.718337515
1884,save,0.718337515
1127,issue,0.720191993
714,europe,0.720628341
1910,season,0.72083197
1057,important,0.721064689
1003,her,0.722264645
967,happen,0.725209992
181,based,0.72564634
495,created,0.72564634
1740,reach,0.72564634
1946,several,0.725973601
1174,know,0.726628123
2193,thursday,0.726628123
926,going,0.727282644
560,deliver,0.727718992
2417,workers,0.727718992
721,even,0.728373514
1368,months,0.728373514
1791,remain,0.728373514
1410,need,0.728700775
587,different,0.728918948
726,every,0.730009818
1595,plans,0.73208247
1317,me,0.732627904
1349,minute,0.733391513
1331,men,0.734264209
2186,thought,0.735900513
174,ball,0.73633686
205,being,0.73633686
348,chance,0.73633686
668,eight,0.73633686
804,final,0.73633686
859,foul,0.73633686
1550,past,0.73633686
1562,penalty,0.73633686
1944,set,0.73633686
2402,win,0.73633686
1063,incident,0.736555034
46,against,0.736773208
713,eu,0.737754991
1296,market,0.737754991
770,fair,0.738409512
1541,part,0.738409512
960,half,0.739112517
1162,keir,0.742991164
1200,leader,0.742991164
1981,sir,0.742991164
2040,starmer,0.742991164
2209,today,0.742991164
1148,john,0.743427512
416,community,0.744300207
792,felt,0.744300207
250,boris,0.744627468
2191,throughout,0.746372859
1696,public,0.747354642
861,four,0.747790989
2189,three,0.747790989
1191,late,0.748009163
1487,open,0.748009163
1535,pandemic,0.750736337
1781,related,0.750736337
1365,money,0.754881641
786,february,0.754990728
147,attack,0.755427075
299,came,0.755427075
71,almost,0.757826988
1293,march,0.758263336
1646,pressure,0.758263336
45,again,0.75848151
2112,support,0.759245118
2393,widely,0.760117814
350,change,0.760772336
1824,results,0.762190466
789,feel,0.765026726
1984,situation,0.765790335
192,became,0.76666303
103,annual,0.768299335
389,co,0.768626595
1754,recently,0.768735682
753,extra,0.76917203
1361,moment,0.769826552
70,allows,0.772008291
1213,less,0.772008291
1010,high,0.772662812
1556,pay,0.772662812
114,appeared,0.777244464
1247,london,0.777244464
1383,move,0.777244464
2413,won,0.777244464
463,continued,0.777680812
1323,media,0.778553507
263,breaks,0.780189811
1488,opened,0.780189811
2043,start,0.780189811
330,catching,0.783135159
332,caught,0.783135159
1258,loss,0.783135159
1623,positions,0.783135159
1649,previous,0.783135159
1703,push,0.783135159
2373,west,0.783135159
1149,johnson,0.783905585
161,avoid,0.784771463
172,bad,0.784771463
1151,jones,0.784771463
1340,might,0.784771463
1408,near,0.784771463
1432,night,0.784771463
1648,prevented,0.784771463
2033,stages,0.784771463
2280,united,0.784771463
762,fact,0.786844115
1881,same,0.786844115
2179,think,0.787280463
381,clearly,0.787498636
838,follow,0.787498636
1156,july,0.787498636
1240,liverpool,0.787498636
1284,manager,0.787498636
1622,position,0.787498636
1915,securing,0.787498636
1935,september,0.787498636
2286,until,0.787498636
2409,without,0.787498636
69,allowed,0.787825897
194,become,0.790662158
124,area,0.794807462
208,believed,0.794807462
1466,offered,0.794807462
1627,post,0.794807462
1644,president,0.794807462
486,couple,0.796880113
576,detailed,0.796880113
894,future,0.796880113
2044,starting,0.796880113
2110,supplies,0.796880113
306,cannot,0.797534635
396,collapse,0.797534635
515,culture,0.797534635
558,delayed,0.797534635
572,deserve,0.797534635
2416,worked,0.797534635
239,bodies,0.798516418
526,danger,0.798516418
633,dr,0.798516418
701,ensure,0.798516418
1475,old,0.798516418
1482,ones,0.798516418
1667,process,0.798516418
1745,ready,0.798516418
1849,roads,0.798516418
1977,simply,0.798516418
545,declared,0.799170939
683,emergency,0.799170939
694,ends,0.799170939
696,england,0.799170939
723,event,0.799170939
1036,hug,0.799170939
1810,require,0.799170939
1982,site,0.799170939
2106,sunday,0.799170939
2276,understand,0.799170939
2047,states,0.799280026
489,cover,0.801243591
1078,individual,0.801243591
1554,paul,0.801243591
1564,per,0.801243591
1584,pilot,0.801243591
1672,production,0.801243591
456,contact,0.805497982
497,credit,0.805497982
1133,james,0.805497982
1472,official,0.805497982
1728,raised,0.805497982
130,arm,0.80593433
270,brilliantly,0.80593433
346,champions,0.80593433
506,cross,0.80593433
543,decision,0.80593433
551,defeat,0.80593433
552,defence,0.80593433
606,display,0.80593433
881,frustrate,0.80593433
923,goal,0.80593433
1209,left,0.80593433
1210,leicester,0.80593433
1434,nine,0.80593433
1850,robert,0.80593433
1896,score,0.80593433
1899,scoring,0.80593433
1922,seen,0.80593433
1929,sending,0.80593433
1933,sent,0.80593433
1980,single,0.80593433
2144,team,0.80593433
325,case,0.809316025
1253,looking,0.809752373
300,campaign,0.814006763
729,everything,0.815533981
734,exchange,0.815533981
1069,increase,0.815533981
1261,lot,0.815533981
1704,put,0.815533981
1725,radio,0.815533981
261,breakdown,0.815970328
595,disappointed,0.815970328
667,efforts,0.815970328
1172,knock,0.815970328
1227,likely,0.815970328
2251,try,0.815970328
213,best,0.816952111
281,bst,0.816952111
384,close,0.816952111
431,conceded,0.816952111
575,despite,0.816952111
886,full,0.816952111
1250,longest,0.816952111
1601,played,0.816952111
1670,produced,0.816952111
2028,st,0.816952111
2085,stuart,0.816952111
2223,touch,0.816952111
2369,went,0.816952111
104,another,0.817170285
349,chancellor,0.817170285
997,help,0.817170285
1128,issued,0.817170285
1231,line,0.817170285
1469,office,0.817170285
1474,officials,0.817170285
1634,precaution,0.817170285
1679,promised,0.817170285
2013,special,0.817170285
2201,times,0.817170285
1734,range,0.817388459
2320,video,0.817388459
842,foot,0.817606632
879,front,0.817606632
1886,saw,0.817606632
793,festival,0.817615723
159,available,0.819242937
432,concerned,0.819242937
2111,supply,0.819242937
1755,recover,0.819679284
162,aware,0.819897458
414,communications,0.819897458
1343,mind,0.819897458
1367,month,0.819897458
1593,planned,0.819897458
1676,programme,0.819897458
2293,urgent,0.819897458
2394,wider,0.819897458
321,carry,0.820333806
757,face,0.820333806
806,finally,0.820333806
1547,pass,0.820333806
1716,quickly,0.820333806
2334,wait,0.820333806
420,competing,0.821206502
744,experience,0.821206502
25,actually,0.824042762
567,department,0.824042762
1005,here,0.824042762
1038,hull,0.824042762
1318,mean,0.824042762
1320,meant,0.824042762
2012,speaking,0.824042762
94,angela,0.825679066
491,covered,0.825679066
945,grounds,0.825679066
968,happened,0.825679066
1245,local,0.825679066
1809,reports,0.825679066
1887,say,0.825679066
1888,saying,0.825679066
2324,visit,0.825679066
2325,visited,0.825679066
237,blue,0.82698811
840,following,0.82698811
1373,morning,0.82698811
2180,third,0.82698811
2220,total,0.82698811
80,always,0.827424457
462,continue,0.827424457
485,countries,0.827424457
767,failing,0.827424457
773,family,0.827424457
812,fine,0.827424457
882,frustrated,0.827424457
1070,increases,0.827424457
1496,opportunities,0.827424457
1606,pleased,0.827424457
2084,struggling,0.827424457
2289,upheaval,0.827424457
105,answer,0.827751718
618,does,0.827751718
1059,improving,0.827751718
2389,whole,0.827751718
467,contribute,0.82840624
659,economy,0.82840624
1262,love,0.82840624
43,afternoon,0.828624414
199,began,0.828624414
2240,trapped,0.828624414
2410,witnessed,0.828624414
741,expected,0.829060761
809,find,0.829060761
1033,hours,0.829060761
1941,services,0.829060761
2188,thousands,0.829060761
229,black,0.830697066
490,coverage,0.830697066
1026,hopes,0.830697066
1698,pull,0.830697066
156,automated,0.831133413
437,conditions,0.831133413
675,electric,0.831133413
946,group,0.831133413
1297,markets,0.831133413
1342,million,0.831133413
1625,possible,0.831133413
1239,live,0.831351587
1986,six,0.831351587
238,bn,0.831787935
290,businesses,0.831787935
875,friends,0.831787935
1081,infection,0.831787935
1330,members,0.831787935
1642,present,0.831787935
2104,summer,0.831787935
2301,vaccinations,0.831787935
116,apple,0.834812067
340,certain,0.836042326
1238,little,0.836042326
2039,star,0.836042326
537,deals,0.837460456
1650,previously,0.837460456
1652,prices,0.837460456
1680,promises,0.837460456
1996,sold,0.837460456
424,complete,0.838333152
2257,tweet,0.83909676
129,arguments,0.841169412
798,field,0.841169412
1735,rate,0.841169412
1819,responsible,0.841169412
2051,step,0.841169412
2321,view,0.841169412
76,alternative,0.841823934
849,forced,0.841823934
1076,independent,0.841823934
1394,music,0.841823934
2068,strategy,0.841823934
1453,number,0.842025325
540,december,0.846078324
1918,seeing,0.846078324
27,adding,0.846405585
37,adviser,0.846405585
195,becoming,0.846405585
373,civil,0.846405585
631,downing,0.846405585
1145,job,0.846405585
1347,ministers,0.846405585
1608,pm,0.846405585
1645,press,0.846405585
1938,servant,0.846405585
2037,standards,0.846405585
2074,street,0.846405585
2177,thing,0.846405585
937,greater,0.846841933
1017,hit,0.846841933
240,body,0.847714629
584,die,0.847714629
1267,lying,0.847714629
1786,released,0.847714629
2145,teams,0.847714629
533,days,0.849350933
1863,rule,0.849350933
55,aided,0.84978728
216,better,0.84978728
260,break,0.84978728
289,business,0.84978728
695,energy,0.84978728
828,flawless,0.84978728
1022,home,0.84978728
1173,knocked,0.84978728
1223,life,0.84978728
1393,murphy,0.84978728
1490,opening,0.84978728
1571,personal,0.84978728
1908,sealed,0.84978728
1928,semi,0.84978728
2163,th,0.84978728
2178,things,0.84978728
2296,used,0.84978728
2408,within,0.84978728
750,extend,0.850223628
795,few,0.850223628
1037,huge,0.850223628
1853,role,0.850223628
68,allow,0.850441802
822,five,0.857859714
1307,matters,0.857859714
1724,racks,0.857859714
504,criticism,0.858296062
1468,offers,0.858296062
1690,proud,0.858296062
1856,rolls,0.858296062
581,devices,0.859823279
1011,higher,0.859823279
1865,rules,0.859823279
2143,tax,0.859823279
2429,wrong,0.859823279
253,both,0.860259627
624,dominant,0.860259627
1208,led,0.860259627
235,blow,0.861241409
376,claimed,0.868332061
410,commission,0.868332061
1085,initially,0.868332061
1115,investigations,0.868332061
1736,rather,0.868332061
2063,store,0.868332061
2258,tweeted,0.868332061
353,changing,0.868441148
2440,your,0.868441148
40,affect,0.871277408
1201,leads,0.871277408
1257,losing,0.871277408
1869,runs,0.871277408
49,ago,0.871713756
417,companies,0.871713756
455,consumers,0.871713756
477,core,0.871713756
1832,revenue,0.871713756
1940,service,0.871713756
2071,streaming,0.871713756
1197,laws,0.876949929
1751,received,0.876949929
153,audience,0.879895277
2255,tv,0.879895277
100,announced,0.880331624
987,healthcare,0.880331624
1064,include,0.880331624
1543,particularly,0.880331624
30,admirable,0.88654958
32,admittedly,0.88654958
44,afterwards,0.88654958
50,agonisingly,0.88654958
61,albrighton,0.88654958
63,alex,0.88654958
65,alexandre,0.88654958
82,amazing,0.88654958
97,ankle,0.88654958
113,appearances,0.88654958
131,armstrong,0.88654958
139,assistant,0.88654958
140,assists,0.88654958
163,away,0.88654958
166,ayoze,0.88654958
233,blocked,0.88654958
248,boosting,0.88654958
249,boot,0.88654958
252,boss,0.88654958
255,bounced,0.88654958
256,box,0.88654958
265,brendan,0.88654958
286,burnley,0.88654958
314,card,0.88654958
358,chelsea,0.88654958
383,clinch,0.88654958
386,closer,0.88654958
387,closing,0.88654958
391,coastthe,0.88654958
445,consecutive,0.88654958
452,constant,0.88654958
471,controversially,0.88654958
518,cushion,0.88654958
547,deemed,0.88654958
548,deep,0.88654958
553,defended,0.88654958
554,defender,0.88654958
555,defensive,0.88654958
557,deflected,0.88654958
601,discuss,0.88654958
605,dismissal,0.88654958
610,distance,0.88654958
612,diverted,0.88654958
625,dominating,0.88654958
634,dragged,0.88654958
636,draw,0.88654958
644,dusan,0.88654958
649,early,0.88654958
653,easiest,0.88654958
660,edge,0.88654958
666,effort,0.88654958
693,ended,0.88654958
706,equaliser,0.88654958
720,evans,0.88654958
746,explanation,0.88654958
774,fantastic,0.88654958
784,feared,0.88654958
799,fifth,0.88654958
814,finish,0.88654958
824,fixture,0.88654958
825,fixtures,0.88654958
837,fofana,0.88654958
841,foolishly,0.88654958
843,football,0.88654958
844,footed,0.88654958
862,fourth,0.88654958
863,foxes,0.88654958
924,goalkeeper,0.88654958
925,goals,0.88654958
951,guaranteeing,0.88654958
964,ham,0.88654958
973,harry,0.88654958
974,harsh,0.88654958
976,hasenhuttl,0.88654958
977,hasn,0.88654958
985,headed,0.88654958
995,held,0.88654958
1030,host,0.88654958
1050,iheanacho,0.88654958
1084,initial,0.88654958
1091,inside,0.88654958
1120,involved,0.88654958
1134,jamie,0.88654958
1136,jankewitz,0.88654958
1137,jannick,0.88654958
1138,jannik,0.88654958
1152,jonny,0.88654958
1161,keeper,0.88654958
1163,kelechi,0.88654958
1203,league,0.88654958
1211,leicesterleicester,0.88654958
1254,loose,0.88654958
1266,lunging,0.88654958
1273,maguire,0.88654958
1292,marc,0.88654958
1310,maybe,0.88654958
1313,mccarthy,0.88654958
1328,meeting,0.88654958
1338,midfielder,0.88654958
1344,mindset,0.88654958
1355,mistake,0.88654958
1371,morale,0.88654958
1407,ndidi,0.88654958
1424,newcastle,0.88654958
1441,normally,0.88654958
1499,opposition,0.88654958
1538,paper,0.88654958
1552,pattern,0.88654958
1567,perez,0.88654958
1591,placed,0.88654958
1602,player,0.88654958
1605,plays,0.88654958
1607,plus,0.88654958
1624,possession,0.88654958
1639,premier,0.88654958
1663,probing,0.88654958
1695,prowse,0.88654958
1707,qualification,0.88654958
1714,quickest,0.88654958
1732,ralph,0.88654958
1741,reached,0.88654958
1742,reaction,0.88654958
1743,reactionsouthampton,0.88654958
1765,redeem,0.88654958
1769,referee,0.88654958
1787,relegation,0.88654958
1800,repeat,0.88654958
1802,replaced,0.88654958
1812,resilience,0.88654958
1813,resiliencefor,0.88654958
1852,rodgers,0.88654958
1877,saints,0.88654958
1897,scored,0.88654958
1898,scoreline,0.88654958
1962,shot,0.88654958
1963,shots,0.88654958
1965,show,0.88654958
1985,situations,0.88654958
1988,slump,0.88654958
2007,south,0.88654958
2008,southampton,0.88654958
2017,speed,0.88654958
2023,sport,0.88654958
2025,spot,0.88654958
2048,statssouthampton,0.88654958
2069,streak,0.88654958
2079,striker,0.88654958
2081,strong,0.88654958
2132,tackle,0.88654958
2133,tadic,0.88654958
2136,takes,0.88654958
2222,tottenham,0.88654958
2241,travel,0.88654958
2248,trips,0.88654958
2304,vardy,0.88654958
2313,versus,0.88654958
2317,vestergaard,0.88654958
2323,visibly,0.88654958
2326,visiting,0.88654958
2344,ward,0.88654958
2351,warrior,0.88654958
2354,wasn,0.88654958
2372,wesley,0.88654958
2398,wilfried,0.88654958
2405,winless,0.88654958
2406,winning,0.88654958
2433,yet,0.88654958
2444,zone,0.88654958
278,brought,0.890367623
1936,series,0.890367623
8,absence,0.896585579
51,agree,0.896585579
52,agreement,0.896585579
53,agreements,0.896585579
111,apart,0.896585579
118,appreciate,0.896585579
121,approximately,0.896585579
122,arctic,0.896585579
127,argue,0.896585579
171,backwards,0.896585579
173,balanced,0.896585579
179,barrie,0.896585579
182,basic,0.896585579
201,beginning,0.896585579
215,betrayed,0.896585579
227,bitterly,0.896585579
234,blood,0.896585579
254,bother,0.896585579
266,brexit,0.896585579
328,catch,0.896585579
329,catches,0.896585579
352,changes,0.896585579
365,chip,0.896585579
366,chips,0.896585579
393,cod,0.896585579
398,collapses,0.896585579
413,common,0.896585579
415,communities,0.896585579
434,conclude,0.896585579
435,concluded,0.896585579
453,constrained,0.896585579
498,crew,0.896585579
499,crews,0.896585579
503,criticised,0.896585579
505,crook,0.896585579
523,dad,0.896585579
536,deal,0.896585579
538,deas,0.896585579
568,departure,0.896585579
578,devastating,0.896585579
583,didn,0.896585579
599,disastrously,0.896585579
602,disgusting,0.896585579
615,dixon,0.896585579
622,domestic,0.896585579
647,each,0.896585579
662,effect,0.896585579
689,employs,0.896585579
702,environment,0.896585579
739,exit,0.896585579
754,extremely,0.896585579
769,failure,0.896585579
779,faroes,0.896585579
783,fear,0.896585579
787,federation,0.896585579
816,firms,0.896585579
818,fish,0.896585579
819,fisheries,0.896585579
820,fishermen,0.896585579
821,fishing,0.896585579
829,fleets,0.896585579
876,friers,0.896585579
907,generations,0.896585579
929,gone,0.896585579
935,granddad,0.896585579
940,greenland,0.896585579
941,grey,0.896585579
953,guns,0.896585579
989,heard,0.896585579
990,heart,0.896585579
1016,history,0.896585579
1025,honesty,0.896585579
1054,impact,0.896585579
1104,interests,0.896585579
1132,itself,0.896585579
1135,jane,0.896585579
1170,kirkella,0.896585579
1205,leave,0.896585579
1214,let,0.896585579
1232,lineandrew,0.896585579
1233,lineelspeth,0.896585579
1235,literally,0.896585579
1242,living,0.896585579
1249,longer,0.896585579
1269,macdonald,0.896585579
1270,mackerel,0.896585579
1274,main,0.896585579
1304,mate,0.896585579
1356,mistry,0.896585579
1413,negotiates,0.896585579
1414,negotiation,0.896585579
1415,negotiations,0.896585579
1416,negotiators,0.896585579
1442,north,0.896585579
1444,norway,0.896585579
1445,norwegian,0.896585579
1479,onboard,0.896585579
1505,organisations,0.896585579
1529,owner,0.896585579
1537,panicking,0.896585579
1585,pin,0.896585579
1614,policy,0.896585579
1629,potential,0.896585579
1643,presentational,0.896585579
1651,price,0.896585579
1657,pritti,0.896585579
1705,px,0.896585579
1718,quotas,0.896585579
1746,real,0.896585579
1783,relationship,0.896585579
1790,rely,0.896585579
1801,replace,0.896585579
1806,reporter,0.896585579
1882,sandell,0.896585579
1900,scotland,0.896585579
1902,scottish,0.896585579
1906,sea,0.896585579
1909,seas,0.896585579
1931,sense,0.896585579
1955,shock,0.896585579
1959,shops,0.896585579
1970,sides,0.896585579
2001,son,0.896585579
2014,species,0.896585579
2020,spoke,0.896585579
2021,spokesman,0.896585579
2029,stable,0.896585579
2056,stick,0.896585579
2060,stocks,0.896585579
2062,stop,0.896585579
2078,strike,0.896585579
2089,sub,0.896585579
2140,talks,0.896585579
2154,temperatures,0.896585579
2195,tied,0.896585579
2204,timing,0.896585579
2224,tough,0.896585579
2229,trade,0.896585579
2242,trawler,0.896585579
2252,trying,0.896585579
2270,unbelievable,0.896585579
2273,uncles,0.896585579
2315,vessels,0.896585579
2330,voted,0.896585579
2336,waking,0.896585579
2343,wants,0.896585579
2347,warmer,0.896585579
2358,waters,0.896585579
2384,whichever,0.896585579
2387,whiting,0.896585579
4,ability,0.898221883
15,accommodate,0.898221883
41,afp,0.898221883
48,agency,0.898221883
60,air,0.898221883
72,along,0.898221883
85,among,0.898221883
120,appropriate,0.898221883
125,areas,0.898221883
150,attendees,0.898221883
160,aviv,0.898221883
178,barricade,0.898221883
196,bed,0.898221883
202,begun,0.898221883
211,benjamin,0.898221883
212,bergman,0.898221883
219,biden,0.898221883
231,blame,0.898221883
241,bonfire,0.898221883
257,boys,0.898221883
276,broken,0.898221883
277,brothers,0.898221883
285,burial,0.898221883
305,candles,0.898221883
315,career,0.898221883
334,causing,0.898221883
338,center,0.898221883
354,chaos,0.898221883
360,chen,0.898221883
368,choke,0.898221883
371,citizens,0.898221883
397,collapsed,0.898221883
406,commemorate,0.898221883
426,complex,0.898221883
430,comptroller,0.898221883
438,condolences,0.898221883
442,congressman,0.898221883
443,connected,0.898221883
470,control,0.898221883
493,cpr,0.898221883
508,crowd,0.898221883
509,crowded,0.898221883
512,crush,0.898221883
513,crushed,0.898221883
514,cry,0.898221883
530,david,0.898221883
535,dead,0.898221883
566,dental,0.898221883
585,died,0.898221883
597,disaster,0.898221883
598,disasters,0.898221883
616,dna,0.898221883
629,dov,0.898221883
632,dozens,0.898221883
671,elazar,0.898221883
697,englander,0.898221883
700,ensuing,0.898221883
709,errors,0.898221883
718,evacuate,0.898221883
755,eyes,0.898221883
771,fall,0.898221883
813,finger,0.898221883
851,foreign,0.898221883
852,forensic,0.898221883
854,formed,0.898221883
883,ft,0.898221883
890,funerals,0.898221883
900,gathering,0.898221883
901,gave,0.898221883
904,gender,0.898221883
910,german,0.898221883
921,gmt,0.898221883
927,goldberg,0.898221883
939,greenberg,0.898221883
944,ground,0.898221883
955,haaretz,0.898221883
978,hatzalah,0.898221883
991,heartbreaking,0.898221883
992,heartfelt,0.898221883
998,helping,0.898221883
1029,hospital,0.898221883
1039,human,0.898221883
1042,hundreds,0.898221883
1046,identification,0.898221883
1047,identifications,0.898221883
1048,identified,0.898221883
1065,includes,0.898221883
1086,injured,0.898221883
1090,inquiry,0.898221883
1095,inspection,0.898221883
1098,institute,0.898221883
1117,investigators,0.898221883
1125,israel,0.898221883
1126,israeli,0.898221883
1143,jerusalem,0.898221883
1144,jewish,0.898221883
1147,joe,0.898221883
1159,justice,0.898221883
1169,killed,0.898221883
1177,kugel,0.898221883
1182,lag,0.898221883
1186,largely,0.898221883
1195,lavi,0.898221883
1207,leaving,0.898221883
1228,limited,0.898221883
1234,lit,0.898221883
1251,look,0.898221883
1260,lost,0.898221883
1263,loved,0.898221883
1277,maisel,0.898221883
1325,medicine,0.898221883
1326,medics,0.898221883
1333,meron,0.898221883
1348,ministry,0.898221883
1352,misconduct,0.898221883
1364,mondaire,0.898221883
1376,moshe,0.898221883
1379,mount,0.898221883
1381,mourners,0.898221883
1382,mourning,0.898221883
1384,moved,0.898221883
1395,must,0.898221883
1399,name,0.898221883
1400,naming,0.898221883
1401,narrow,0.898221883
1402,natan,0.898221883
1404,nationals,0.898221883
1419,netanyahu,0.898221883
1421,network,0.898221883
1426,newspaper,0.898221883
1471,officers,0.898221883
1473,officially,0.898221883
1476,omer,0.898221883
1495,operations,0.898221883
1504,organisation,0.898221883
1509,orthodox,0.898221883
1512,others,0.898221883
1521,overall,0.898221883
1522,overcrowded,0.898221883
1527,overwhelmed,0.898221883
1534,painful,0.898221883
1544,partitioned,0.898221883
1548,passageway,0.898221883
1551,paths,0.898221883
1555,paused,0.898221883
1558,peacetime,0.898221883
1582,pilgrimage,0.898221883
1583,piling,0.898221883
1612,police,0.898221883
1621,posed,0.898221883
1633,prayed,0.898221883
1636,predominantly,0.898221883
1655,printing,0.898221883
1706,pyramid,0.898221883
1719,quoted,0.898221883
1721,quoting,0.898221883
1722,rabbi,0.898221883
1774,regional,0.898221883
1807,reporters,0.898221883
1814,respond,0.898221883
1818,responsibility,0.898221883
1820,responsibly,0.898221883
1825,resume,0.898221883
1828,reuters,0.898221883
1829,reuven,0.898221883
1846,rivlin,0.898221883
1872,sabbath,0.898221883
1892,scene,0.898221883
1913,sections,0.898221883
1924,segregated,0.898221883
1932,sensitive,0.898221883
1951,sheet,0.898221883
1953,shimon,0.898221883
1987,slipped,0.898221883
2004,source,0.898221883
2005,sources,0.898221883
2035,stampede,0.898221883
2038,stands,0.898221883
2045,state,0.898221883
2053,steps,0.898221883
2083,struggled,0.898221883
2107,sunset,0.898221883
2117,surging,0.898221883
2118,surreal,0.898221883
2120,survivor,0.898221883
2124,swept,0.898221883
2128,sympathies,0.898221883
2135,taken,0.898221883
2150,tel,0.898221883
2161,testing,0.898221883
2170,themselves,0.898221883
2181,thirties,0.898221883
2187,thoughts,0.898221883
2192,thrown,0.898221883
2210,together,0.898221883
2231,traffic,0.898221883
2233,tragedy,0.898221883
2234,tragic,0.898221883
2266,ultra,0.898221883
2275,undergoing,0.898221883
2277,unexpected,0.898221883
2284,unnamed,0.898221883
2290,upon,0.898221883
2307,vehicle,0.898221883
2318,victims,0.898221883
2329,volunteer,0.898221883
2339,walkway,0.898221883
2350,warnings,0.898221883
2356,watchdog,0.898221883
2359,wave,0.898221883
2370,wept,0.898221883
2386,white,0.898221883
2411,witnesses,0.898221883
2424,worst,0.898221883
2432,yehoshua,0.898221883
2434,ynet,0.898221883
2435,york,0.898221883
2438,youngest,0.898221883
11,accepted,0.900294535
21,acid,0.900294535
29,address,0.900294535
58,aiming,0.900294535
59,aims,0.900294535
79,aluminium,0.900294535
86,amounts,0.900294535
91,anderson,0.900294535
126,aren,0.900294535
152,attention,0.900294535
155,automate,0.900294535
157,automation,0.900294535
186,batteries,0.900294535
187,battery,0.900294535
206,belgian,0.900294535
225,birmingham,0.900294535
226,bit,0.900294535
272,brings,0.900294535
312,car,0.900294535
313,carbon,0.900294535
323,cars,0.900294535
331,cathode,0.900294535
337,cells,0.900294535
344,challenges,0.900294535
359,chemical,0.900294535
364,china,0.900294535
392,cobalt,0.900294535
425,completely,0.900294535
429,components,0.900294535
448,considerably,0.900294535
451,consortium,0.900294535
458,contain,0.900294535
461,context,0.900294535
472,conventional,0.900294535
476,copper,0.900294535
478,cornwall,0.900294535
501,critical,0.900294535
517,currently,0.900294535
586,difference,0.900294535
591,dioxide,0.900294535
596,disassembled,0.900294535
603,dismantled,0.900294535
604,dismantling,0.900294535
619,doesn,0.900294535
642,dumped,0.900294535
656,economic,0.900294535
657,economically,0.900294535
658,economics,0.900294535
663,effective,0.900294535
664,efficient,0.900294535
665,efficiently,0.900294535
677,elements,0.900294535
684,emit,0.900294535
703,environmental,0.900294535
712,established,0.900294535
716,europeans,0.900294535
717,ev,0.900294535
728,everyone,0.900294535
731,evs,0.900294535
733,example,0.900294535
743,expensive,0.900294535
747,explode,0.900294535
763,factories,0.900294535
765,factory,0.900294535
776,faraday,0.900294535
791,fellow,0.900294535
800,figures,0.900294535
830,flip,0.900294535
835,focus,0.900294535
853,form,0.900294535
872,french,0.900294535
884,fuel,0.900294535
902,gavin,0.900294535
911,germany,0.900294535
920,globally,0.900294535
948,growing,0.900294535
950,growth,0.900294535
952,guided,0.900294535
969,happens,0.900294535
972,harper,0.900294535
982,hazardous,0.900294535
994,heavier,0.900294535
1006,hermine,0.900294535
1041,hundred,0.900294535
1051,imagine,0.900294535
1067,inconvenient,0.900294535
1068,incorrectly,0.900294535
1074,indeed,0.900294535
1077,indigenous,0.900294535
1099,institution,0.900294535
1102,intensive,0.900294535
1116,investigator,0.900294535
1122,ion,0.900294535
1141,jean,0.900294535
1187,larger,0.900294535
1198,lax,0.900294535
1202,leaf,0.900294535
1237,lithium,0.900294535
1241,lives,0.900294535
1275,maintain,0.900294535
1283,management,0.900294535
1286,manganese,0.900294535
1287,manually,0.900294535
1288,manufacturer,0.900294535
1289,manufacturers,0.900294535
1290,manufacturing,0.900294535
1302,mass,0.900294535
1305,materials,0.900294535
1321,meanwhile,0.900294535
1335,metals,0.900294535
1345,mining,0.900294535
1357,mixture,0.900294535
1359,mobility,0.900294535
1412,needs,0.900294535
1430,nickel,0.900294535
1435,nissan,0.900294535
1457,obviously,0.900294535
1501,optimise,0.900294535
1519,outside,0.900294535
1542,particular,0.900294535
1545,parts,0.900294535
1566,percentage,0.900294535
1573,phase,0.900294535
1574,philippe,0.900294535
1594,planning,0.900294535
1596,plant,0.900294535
1597,plants,0.900294535
1631,powerful,0.900294535
1654,principal,0.900294535
1664,problem,0.900294535
1665,problems,0.900294535
1668,processes,0.900294535
1669,processing,0.900294535
1671,product,0.900294535
1673,products,0.900294535
1677,project,0.900294535
1684,proposals,0.900294535
1686,proposition,0.900294535
1720,quotes,0.900294535
1752,receiving,0.900294535
1756,recovered,0.900294535
1759,recyclability,0.900294535
1760,recycle,0.900294535
1761,recycled,0.900294535
1762,recycling,0.900294535
1767,reduced,0.900294535
1775,regular,0.900294535
1776,regulation,0.900294535
1788,relib,0.900294535
1796,renault,0.900294535
1811,research,0.900294535
1827,reusing,0.900294535
1847,road,0.900294535
1851,robotics,0.900294535
1874,safest,0.900294535
1880,salzgitter,0.900294535
1890,scaled,0.900294535
1891,scary,0.900294535
1895,scientific,0.900294535
1997,solvay,0.900294535
1999,something,0.900294535
2006,sourcing,0.900294535
2036,stand,0.900294535
2067,strategic,0.900294535
2072,streamlined,0.900294535
2073,streams,0.900294535
2092,substance,0.900294535
2109,suppliers,0.900294535
2114,sure,0.900294535
2130,systems,0.900294535
2139,talking,0.900294535
2155,tendency,0.900294535
2157,terms,0.900294535
2158,terribly,0.900294535
2173,therefore,0.900294535
2183,thomas,0.900294535
2196,tiedje,0.900294535
2230,traditional,0.900294535
2279,union,0.900294535
2282,university,0.900294535
2292,urban,0.900294535
2295,usable,0.900294535
2303,value,0.900294535
2308,vehicles,0.900294535
2311,veolia,0.900294535
2312,versions,0.900294535
2328,volkswagen,0.900294535
2331,vp,0.900294535
2355,waste,0.900294535
2374,western,0.900294535
2426,wouldn,0.900294535
2,abandoned,0.900949056
17,according,0.900949056
23,act,0.900949056
33,adult,0.900949056
56,aif,0.900949056
62,alert,0.900949056
98,anna,0.900949056
108,antibodies,0.900949056
142,association,0.900949056
151,attending,0.900949056
154,august,0.900949056
168,backed,0.900949056
169,background,0.900949056
183,basically,0.900949056
200,begin,0.900949056
236,blows,0.900949056
242,booked,0.900949056
243,booking,0.900949056
246,boomtown,0.900949056
274,british,0.900949056
295,calendar,0.900949056
298,calling,0.900949056
303,cancel,0.900949056
304,cancellation,0.900949056
308,capacity,0.900949056
316,careers,0.900949056
317,careful,0.900949056
326,cases,0.900949056
335,cautious,0.900949056
372,city,0.900949056
399,colleagues,0.900949056
409,commercial,0.900949056
411,commit,0.900949056
433,concerns,0.900949056
440,confidently,0.900949056
464,continuing,0.900949056
496,creative,0.900949056
529,data,0.900949056
542,decided,0.900949056
549,deer,0.900949056
594,disappear,0.900949056
609,disruption,0.900949056
640,due,0.900949056
678,ella,0.900949056
686,employed,0.900949056
699,enough,0.900949056
708,eroded,0.900949056
724,events,0.900949056
749,exploring,0.900949056
788,feed,0.900949056
794,festivals,0.900949056
808,financial,0.900949056
810,finding,0.900949056
869,freelance,0.900949056
870,freelancers,0.900949056
888,fund,0.900949056
919,glastonbury,0.900949056
943,grossing,0.900949056
981,hay,0.900949056
996,helen,0.900949056
1019,holding,0.900949056
1061,inaction,0.900949056
1075,indemnity,0.900949056
1100,insurance,0.900949056
1101,insurers,0.900949056
1109,intervention,0.900949056
1112,invest,0.900949056
1146,jobs,0.900949056
1165,kenny,0.900949056
1206,leaves,0.900949056
1236,literary,0.900949056
1246,lockdown,0.900949056
1259,losses,0.900949056
1327,meet,0.900949056
1329,meetings,0.900949056
1332,mental,0.900949056
1378,mostly,0.900949056
1397,nadhim,0.900949056
1418,net,0.900949056
1438,non,0.900949056
1447,nosworthy,0.900949056
1451,nozstock,0.900949056
1460,october,0.900949056
1506,organisers,0.900949056
1507,organizers,0.900949056
1540,park,0.900949056
1569,period,0.900949056
1618,population,0.900949056
1628,postpone,0.900949056
1647,prevent,0.900949056
1666,proceeding,0.900949056
1681,promoters,0.900949056
1685,proposing,0.900949056
1692,provide,0.900949056
1693,provided,0.900949056
1710,quarter,0.900949056
1758,recovery,0.900949056
1768,reed,0.900949056
1771,refundable,0.900949056
1797,rent,0.900949056
1798,reopened,0.900949056
1826,return,0.900949056
1844,risks,0.900949056
1848,roadmap,0.900949056
1904,scrapped,0.900949056
1923,sefton,0.900949056
1927,self,0.900949056
1950,shed,0.900949056
1972,significant,0.900949056
1989,smile,0.900949056
2000,somewhere,0.900949056
2018,spike,0.900949056
2022,spokesperson,0.900949056
2032,stage,0.900949056
2034,stake,0.900949056
2082,struggle,0.900949056
2093,substantial,0.900949056
2100,suffering,0.900949056
2113,supported,0.900949056
2119,survival,0.900949056
2131,table,0.900949056
2137,taking,0.900949056
2156,term,0.900949056
2159,test,0.900949056
2194,tickets,0.900949056
2221,totally,0.900949056
2228,tracks,0.900949056
2262,type,0.900949056
2263,typically,0.900949056
2268,unable,0.900949056
2269,unaffordable,0.900949056
2271,uncertain,0.900949056
2283,unknowns,0.900949056
2285,unsure,0.900949056
2302,vaccines,0.900949056
2332,wade,0.900949056
2335,wake,0.900949056
2349,warning,0.900949056
2357,watching,0.900949056
2395,widespread,0.900949056
2422,worries,0.900949056
2443,zahawi,0.900949056
36,advised,0.918948402
38,advisors,0.918948402
84,amid,0.918948402
115,appears,0.918948402
119,approachable,0.918948402
135,ask,0.918948402
137,asking,0.918948402
145,atkins,0.918948402
209,benefit,0.918948402
230,blackmail,0.918948402
283,building,0.918948402
291,businessman,0.918948402
296,call,0.918948402
307,capabilities,0.918948402
320,carries,0.918948402
351,changed,0.918948402
374,claim,0.918948402
375,claimant,0.918948402
407,comment,0.918948402
428,complying,0.918948402
439,confidence,0.918948402
457,contacted,0.918948402
500,criminal,0.918948402
507,crossbench,0.918948402
522,cyber,0.918948402
524,daily,0.918948402
559,deleted,0.918948402
590,digits,0.918948402
645,duties,0.918948402
646,dyson,0.918948402
652,earth,0.918948402
661,education,0.918948402
676,elementary,0.918948402
681,else,0.918948402
691,encryption,0.918948402
727,everybody,0.918948402
730,evidence,0.918948402
782,favours,0.918948402
823,fix,0.918948402
839,followed,0.918948402
855,former,0.918948402
871,freely,0.918948402
874,friend,0.918948402
885,fulfil,0.918948402
897,gangs,0.918948402
993,heaven,0.918948402
1001,henley,0.918948402
1027,hopkins,0.918948402
1031,hostile,0.918948402
1056,implications,0.918948402
1071,increasing,0.918948402
1073,incredibly,0.918948402
1082,influence,0.918948402
1108,internet,0.918948402
1119,invited,0.918948402
1153,journalists,0.918948402
1166,kept,0.918948402
1171,knew,0.918948402
1175,known,0.918948402
1221,liabilities,0.918948402
1244,lobbying,0.918948402
1255,lord,0.918948402
1311,mayor,0.918948402
1334,messages,0.918948402
1358,mobile,0.918948402
1387,mp,0.918948402
1388,mps,0.918948402
1531,packages,0.918948402
1549,passed,0.918948402
1559,peer,0.918948402
1575,phone,0.918948402
1576,phones,0.918948402
1577,phoneswhere,0.918948402
1626,possibly,0.918948402
1658,privileged,0.918948402
1687,prosecutions,0.918948402
1688,protecting,0.918948402
1689,protocols,0.918948402
1697,published,0.918948402
1723,rachel,0.918948402
1780,relate,0.918948402
1785,release,0.918948402
1805,reportedly,0.918948402
1815,responding,0.918948402
1817,responsibilities,0.918948402
1831,revealed,0.918948402
1838,ricketts,0.918948402
1842,rishi,0.918948402
1916,security,0.918948402
1930,senior,0.918948402
1937,serious,0.918948402
1947,shadow,0.918948402
1952,shifting,0.918948402
1975,simon,0.918948402
2003,sophisticated,0.918948402
2061,stood,0.918948402
2096,successfully,0.918948402
2102,suggested,0.918948402
2105,sunak,0.918948402
2126,switched,0.918948402
2138,talk,0.918948402
2141,tank,0.918948402
2151,telegraph,0.918948402
2152,tell,0.918948402
2162,text,0.918948402
2281,universal,0.918948402
2298,uses,0.918948402
2299,using,0.918948402
2300,utter,0.918948402
2309,ventilators,0.918948402
2310,ventilatorsquestions,0.918948402
2319,victoria,0.918948402
2342,wanted,0.918948402
2366,weeks,0.918948402
2376,whatever,0.918948402
2377,whatsapp,0.918948402
2379,whenever,0.918948402
2391,why,0.918948402
18,accuracy,0.91938475
19,accurate,0.91938475
28,addison,0.91938475
31,admitted,0.91938475
92,andrew,0.91938475
176,baloucoune,0.91938475
184,basis,0.91938475
185,bath,0.91938475
214,bet,0.91938475
222,billy,0.91938475
223,bin,0.91938475
268,brilliance,0.91938475
269,brilliant,0.91938475
271,bring,0.91938475
273,brink,0.91938475
280,bruin,0.91938475
282,build,0.91938475
284,buoyed,0.91938475
287,burns,0.91938475
288,burst,0.91938475
309,capitulation,0.91938475
310,capt,0.91938475
311,captain,0.91938475
322,carrying,0.91938475
324,carve,0.91938475
333,cause,0.91938475
343,challenge,0.91938475
378,clare,0.91938475
390,coach,0.91938475
394,cold,0.91938475
395,cole,0.91938475
400,collision,0.91938475
403,comeback,0.91938475
412,commitment,0.91938475
444,connor,0.91938475
446,consequence,0.91938475
460,contest,0.91938475
466,contrasting,0.91938475
468,contributing,0.91938475
475,cooney,0.91938475
482,coughed,0.91938475
484,count,0.91938475
516,cup,0.91938475
525,dan,0.91938475
534,de,0.91938475
541,decide,0.91938475
564,demonstrated,0.91938475
623,dominance,0.91938475
637,drop,0.91938475
639,drove,0.91938475
669,either,0.91938475
680,ellis,0.91938475
735,execute,0.91938475
736,execution,0.91938475
748,exploited,0.91938475
764,factors,0.91938475
785,featured,0.91938475
826,flailing,0.91938475
834,fly,0.91938475
845,foothold,0.91938475
848,force,0.91938475
850,ford,0.91938475
866,freddie,0.91938475
908,genge,0.91938475
909,george,0.91938475
938,green,0.91938475
954,guy,0.91938475
961,halfit,0.91938475
963,halves,0.91938475
1000,henderson,0.91938475
1002,henry,0.91938475
1007,herring,0.91938475
1008,heyes,0.91938475
1032,hosts,0.91938475
1040,hume,0.91938475
1044,iain,0.91938475
1045,ideas,0.91938475
1058,impressive,0.91938475
1139,jasper,0.91938475
1167,kicking,0.91938475
1194,lavanini,0.91938475
1222,liebenberg,0.91938475
1224,lift,0.91938475
1225,lifted,0.91938475
1230,limp,0.91938475
1264,lowry,0.91938475
1300,martin,0.91938475
1303,match,0.91938475
1306,mathewson,0.91938475
1314,mccloskey,0.91938475
1315,mcfarland,0.91938475
1316,mcilroy,0.91938475
1337,midfield,0.91938475
1362,moments,0.91938475
1363,momentum,0.91938475
1369,montpellier,0.91938475
1370,moore,0.91938475
1374,moroni,0.91938475
1392,murimurivalu,0.91938475
1398,nadolo,0.91938475
1406,nd,0.91938475
1409,nearly,0.91938475
1417,nemani,0.91938475
1429,nick,0.91938475
1443,northern,0.91938475
1503,orchestrated,0.91938475
1514,ours,0.91938475
1523,overlap,0.91938475
1568,perfect,0.91938475
1588,pitch,0.91938475
1619,porter,0.91938475
1640,premiership,0.91938475
1660,pro,0.91938475
1694,province,0.91938475
1702,purpose,0.91938475
1711,quest,0.91938475
1715,quickfire,0.91938475
1733,ran,0.91938475
1739,rea,0.91938475
1757,recovering,0.91938475
1779,reidy,0.91938475
1789,relinquish,0.91938475
1803,replacements,0.91938475
1834,reversal,0.91938475
1860,round,0.91938475
1862,rugby,0.91938475
1864,ruled,0.91938475
1870,ruthless,0.91938475
1871,ruthlessly,0.91938475
1901,scott,0.91938475
1905,scrum,0.91938475
1907,seal,0.91938475
1919,seemed,0.91938475
1920,seemingly,0.91938475
1960,short,0.91938475
1961,shortly,0.91938475
1973,silverware,0.91938475
1978,sin,0.91938475
2011,spark,0.91938475
2019,spin,0.91938475
2030,stacked,0.91938475
2055,steward,0.91938475
2059,stockdale,0.91938475
2065,stormed,0.91938475
2087,stun,0.91938475
2088,stunning,0.91938475
2095,success,0.91938475
2103,sullivan,0.91938475
2108,superb,0.91938475
2115,surge,0.91938475
2125,swing,0.91938475
2197,tier,0.91938475
2198,tigers,0.91938475
2203,timid,0.91938475
2205,timoney,0.91938475
2213,tom,0.91938475
2217,toole,0.91938475
2243,treadwell,0.91938475
2245,tries,0.91938475
2249,trophy,0.91938475
2259,twickenham,0.91938475
2265,ulster,0.91938475
2272,uncharacteristically,0.91938475
2278,unintentional,0.91938475
2337,walk,0.91938475
2352,warwick,0.91938475
2360,waves,0.91938475
2368,wells,0.91938475
2396,wiese,0.91938475
2397,wigglesworth,0.91938475
2403,winding,0.91938475
2427,wrecked,0.91938475
2439,youngs,0.91938475
7,above,0.927457183
16,accommodation,0.927457183
20,accused,0.927457183
57,aim,0.927457183
95,anger,0.927457183
106,answered,0.927457183
146,atmosphere,0.927457183
164,awaybut,0.927457183
221,bill,0.927457183
258,branch,0.927457183
294,calculator,0.927457183
318,carrie,0.927457183
319,carried,0.927457183
341,chain,0.927457183
427,compliance,0.927457183
447,conservative,0.927457183
519,cushions,0.927457183
546,decorated,0.927457183
569,deputy,0.927457183
573,designer,0.927457183
577,details,0.927457183
589,dig,0.927457183
627,donations,0.927457183
654,easing,0.927457183
672,election,0.927457183
673,elections,0.927457183
674,electoral,0.927457183
732,exactly,0.927457183
756,fabrics,0.927457183
778,farcical,0.927457183
780,farrago,0.927457183
796,fiance,0.927457183
797,fiancee,0.927457183
807,finances,0.927457183
827,flat,0.927457183
831,floor,0.927457183
836,focusing,0.927457183
889,funding,0.927457183
891,furnishing,0.927457183
892,furniture,0.927457183
905,general,0.927457183
917,give,0.927457183
1024,homework,0.927457183
1092,insisted,0.927457183
1093,insists,0.927457183
1094,inspected,0.927457183
1105,interior,0.927457183
1113,investigate,0.927457183
1114,investigating,0.927457183
1150,joked,0.927457183
1155,joyful,0.927457183
1176,knows,0.927457183
1180,labourwhat,0.927457183
1218,levelling,0.927457183
1219,lewis,0.927457183
1243,loaned,0.927457183
1265,lulu,0.927457183
1268,lyttle,0.927457183
1272,magazine,0.927457183
1298,marking,0.927457183
1312,mayoral,0.927457183
1341,milling,0.927457183
1433,nightmare,0.927457183
1439,nonsense,0.927457183
1446,nose,0.927457183
1449,nothing,0.927457183
1455,object,0.927457183
1456,objected,0.927457183
1459,occurred,0.927457183
1463,offence,0.927457183
1464,offences,0.927457183
1486,op,0.927457183
1493,operate,0.927457183
1525,overseen,0.927457183
1526,oversees,0.927457183
1533,paid,0.927457183
1546,party,0.927457183
1553,patterned,0.927457183
1557,payments,0.927457183
1578,photo,0.927457183
1579,photographer,0.927457183
1580,picked,0.927457183
1581,pictures,0.927457183
1592,plain,0.927457183
1609,pocket,0.927457183
1615,political,0.927457183
1616,politics,0.927457183
1617,popped,0.927457183
1635,predecessor,0.927457183
1656,priorities,0.927457183
1662,probepm,0.927457183
1712,question,0.927457183
1713,questions,0.927457183
1737,rayner,0.927457183
1744,read,0.927457183
1748,reasonable,0.927457183
1764,redecoration,0.927457183
1772,refurbishing,0.927457183
1773,refurbishment,0.927457183
1799,repaid,0.927457183
1822,restrictions,0.927457183
1894,school,0.927457183
1912,section,0.927457183
1990,smiling,0.927457183
1995,society,0.927457183
2009,space,0.927457183
2016,specified,0.927457183
2086,stuff,0.927457183
2121,suspect,0.927457183
2127,symonds,0.927457183
2142,tatler,0.927457183
2174,theresa,0.927457183
2219,tories,0.927457183
2232,trafford,0.927457183
2246,trip,0.927457183
2288,upgrade,0.927457183
2327,visitor,0.927457183
2340,wallpaper,0.927457183
2414,wooden,0.927457183
2420,works,0.927457183
2423,worry,0.927457183
2428,writing,0.927457183
3,aberration,0.930402531
34,advantage,0.930402531
88,analysisformer,0.930402531
96,animatedly,0.930402531
148,attempt,0.930402531
149,attempts,0.930402531
175,ballrun,0.930402531
188,baulk,0.930402531
224,bingham,0.930402531
228,bizarre,0.930402531
232,blistering,0.930402531
275,broke,0.930402531
336,celebrating,0.930402531
345,champion,0.930402531
347,championship,0.930402531
370,circuit,0.930402531
380,clearance,0.930402531
382,climb,0.930402531
401,combined,0.930402531
449,considered,0.930402531
469,contributions,0.930402531
511,crucible,0.930402531
528,dark,0.930402531
531,davis,0.930402531
539,debated,0.930402531
544,decisive,0.930402531
556,deficit,0.930402531
570,derail,0.930402531
608,disrupt,0.930402531
620,doherty,0.930402531
635,drama,0.930402531
641,dug,0.930402531
650,earned,0.930402531
690,encounters,0.930402531
698,english,0.930402531
705,episode,0.930402531
710,escape,0.930402531
719,evaluated,0.930402531
722,evening,0.930402531
725,eventually,0.930402531
738,exhibition,0.930402531
751,extending,0.930402531
768,fails,0.930402531
777,farce,0.930402531
781,fashion,0.930402531
805,finalist,0.930402531
833,fluke,0.930402531
857,fortune,0.930402531
864,frame,0.930402531
865,frames,0.930402531
867,free,0.930402531
877,fro,0.930402531
898,gap,0.930402531
899,gasps,0.930402531
913,gets,0.930402531
962,halve,0.930402531
988,healthy,0.930402531
1018,hitting,0.930402531
1052,immediately,0.930402531
1080,inexplicable,0.930402531
1103,interesting,0.930402531
1164,ken,0.930402531
1178,kyren,0.930402531
1212,lengthy,0.930402531
1217,levelled,0.930402531
1276,maintained,0.930402531
1308,maximum,0.930402531
1339,midnight,0.930402531
1353,miss,0.930402531
1354,missing,0.930402531
1366,moneybbc,0.930402531
1380,mountain,0.930402531
1431,nicknamed,0.930402531
1452,nudged,0.930402531
1458,occasions,0.930402531
1489,opener,0.930402531
1517,outrageous,0.930402531
1518,outset,0.930402531
1524,overnight,0.930402531
1560,peers,0.930402531
1561,pegged,0.930402531
1565,perceived,0.930402531
1586,pinching,0.930402531
1587,pink,0.930402531
1589,pivotal,0.930402531
1659,prize,0.930402531
1683,prompted,0.930402531
1691,proved,0.930402531
1699,pulled,0.930402531
1700,pundit,0.930402531
1708,qualifiermurphy,0.930402531
1717,quitting,0.930402531
1731,rally,0.930402531
1766,reds,0.930402531
1835,revive,0.930402531
1836,rhythm,0.930402531
1855,rolling,0.930402531
1867,runner,0.930402531
1893,schedule,0.930402531
1925,selby,0.930402531
1926,selbybingham,0.930402531
1942,session,0.930402531
1943,sessions,0.930402531
1945,seven,0.930402531
1948,shaun,0.930402531
1956,shook,0.930402531
1991,snooker,0.930402531
1992,snookers,0.930402531
2049,steely,0.930402531
2054,steve,0.930402531
2066,strangest,0.930402531
2076,stretch,0.930402531
2077,stretched,0.930402531
2080,string,0.930402531
2097,successive,0.930402531
2101,suggest,0.930402531
2165,thanks,0.930402531
2202,timeswilson,0.930402531
2214,tomorrow,0.930402531
2225,tournament,0.930402531
2235,trailing,0.930402531
2256,tvmark,0.930402531
2291,upped,0.930402531
2322,virtually,0.930402531
2400,wilson,0.930402531
2401,wilsonboth,0.930402531
47,age,0.930838879
73,alphabet,0.930838879
83,amazon,0.930838879
89,analyst,0.930838879
93,andy,0.930838879
138,aspect,0.930838879
141,associated,0.930838879
158,autonomous,0.930838879
165,aws,0.930838879
191,beauty,0.930838879
218,bezos,0.930838879
245,boom,0.930838879
247,boost,0.930838879
267,bricks,0.930838879
279,browse,0.930838879
327,cash,0.930838879
342,chairman,0.930838879
377,claims,0.930838879
388,cloud,0.930838879
465,contractors,0.930838879
479,coronavirus,0.930838879
520,customers,0.930838879
561,delivers,0.930838879
562,delivery,0.930838879
571,described,0.930838879
574,designs,0.930838879
600,discover,0.930838879
613,division,0.930838879
682,embarrassment,0.930838879
687,employee,0.930838879
688,employees,0.930838879
707,equity,0.930838879
740,expand,0.930838879
742,expects,0.930838879
745,experimenting,0.930838879
758,facebook,0.930838879
759,faced,0.930838879
832,flourished,0.930838879
880,frontline,0.930838879
887,fully,0.930838879
906,generated,0.930838879
915,giant,0.930838879
928,golden,0.930838879
932,google,0.930838879
942,grocery,0.930838879
947,grow,0.930838879
949,grown,0.930838879
956,habits,0.930838879
959,hair,0.930838879
966,hands,0.930838879
971,hargreaves,0.930838879
999,helps,0.930838879
1004,herald,0.930838879
1012,highlighted,0.930838879
1023,homes,0.930838879
1043,hyett,0.930838879
1053,immersive,0.930838879
1089,innovations,0.930838879
1106,internally,0.930838879
1118,investment,0.930838879
1130,items,0.930838879
1140,jassy,0.930838879
1142,jeff,0.930838879
1184,lansdown,0.930838879
1188,largest,0.930838879
1193,latest,0.930838879
1322,measures,0.930838879
1336,microsoft,0.930838879
1360,modus,0.930838879
1375,mortar,0.930838879
1386,movies,0.930838879
1405,natural,0.930838879
1428,nicholas,0.930838879
1440,norm,0.930838879
1467,offerings,0.930838879
1484,online,0.930838879
1492,operandi,0.930838879
1494,operating,0.930838879
1530,pace,0.930838879
1539,parent,0.930838879
1570,person,0.930838879
1572,pharmacy,0.930838879
1599,platforms,0.930838879
1630,pour,0.930838879
1641,prescriptions,0.930838879
1674,profit,0.930838879
1675,profits,0.930838879
1726,raft,0.930838879
1727,raise,0.930838879
1749,receding,0.930838879
1784,relax,0.930838879
1793,remote,0.930838879
1808,reporting,0.930838879
1833,revenues,0.930838879
1837,riches,0.930838879
1841,rise,0.930838879
1854,rolled,0.930838879
1857,room,0.930838879
1858,rooms,0.930838879
1859,rose,0.930838879
1873,safe,0.930838879
1878,sales,0.930838879
1879,salon,0.930838879
1903,scout,0.930838879
1921,seems,0.930838879
1939,served,0.930838879
1957,shop,0.930838879
1958,shopping,0.930838879
1967,shows,0.930838879
1968,shut,0.930838879
1971,sidewalk,0.930838879
2002,soon,0.930838879
2010,spare,0.930838879
2027,spread,0.930838879
2031,staff,0.930838879
2050,stellar,0.930838879
2052,stepping,0.930838879
2064,stores,0.930838879
2070,streamed,0.930838879
2075,streets,0.930838879
2094,succeeded,0.930838879
2099,suddenly,0.930838879
2129,system,0.930838879
2147,tech,0.930838879
2148,technology,0.930838879
2185,though,0.930838879
2211,toilet,0.930838879
2247,tripling,0.930838879
2254,turns,0.930838879
2297,useful,0.930838879
2338,walking,0.930838879
2345,wardrobe,0.930838879
2346,warehouse,0.930838879
2364,web,0.930838879
2381,wherever,0.930838879
2412,wizardry,0.930838879
35,advertise,0.940874877
64,alexander,0.940874877
67,alleging,0.940874877
77,alternatives,0.940874877
107,anti,0.940874877
112,app,0.940874877
117,appleepic,0.940874877
128,argument,0.940874877
133,artificially,0.940874877
180,barriers,0.940874877
203,behalf,0.940874877
210,benefits,0.940874877
217,between,0.940874877
244,books,0.940874877
259,breach,0.940874877
262,breaking,0.940874877
355,charge,0.940874877
356,charged,0.940874877
357,charges,0.940874877
367,choice,0.940874877
408,commerce,0.940874877
419,compete,0.940874877
422,competitive,0.940874877
423,complaint,0.940874877
436,conclusion,0.940874877
450,considering,0.940874877
454,consumer,0.940874877
459,content,0.940874877
473,convince,0.940874877
474,cook,0.940874877
488,court,0.940874877
521,cut,0.940874877
527,daniel,0.940874877
550,deezer,0.940874877
563,demand,0.940874877
579,developer,0.940874877
580,developers,0.940874877
607,dispute,0.940874877
611,distort,0.940874877
651,earns,0.940874877
655,ec,0.940874877
670,ek,0.940874877
704,epic,0.940874877
752,external,0.940874877
760,faces,0.940874877
790,fees,0.940874877
801,filed,0.940874877
811,findings,0.940874877
847,forbids,0.940874877
856,fortnite,0.940874877
860,founder,0.940874877
1020,holland,0.940874877
1072,increasingly,0.940874877
1083,inform,0.940874877
1087,inner,0.940874877
1088,innovation,0.940874877
1123,ios,0.940874877
1183,landscape,0.940874877
1196,law,0.940874877
1229,limiting,0.940874877
1252,looked,0.940874877
1280,makers,0.940874877
1294,margrethe,0.940874877
1470,officer,0.940874877
1483,ongoing,0.940874877
1491,opens,0.940874877
1498,opposite,0.940874877
1508,original,0.940874877
1598,platform,0.940874877
1603,players,0.940874877
1613,policies,0.940874877
1632,practice,0.940874877
1638,preliminary,0.940874877
1682,promoting,0.940874877
1701,purchases,0.940874877
1709,quality,0.940874877
1729,raising,0.940874877
1730,rakuten,0.940874877
1750,receive,0.940874877
1777,regulator,0.940874877
1778,regulators,0.940874877
1782,relates,0.940874877
1795,removing,0.940874877
1816,response,0.940874877
1830,reveal,0.940874877
1845,rivals,0.940874877
1934,separately,0.940874877
1974,similar,0.940874877
1983,sites,0.940874877
2015,specifically,0.940874877
2026,spotify,0.940874877
2046,statement,0.940874877
2057,stifling,0.940874877
2090,subscribers,0.940874877
2091,subscriptions,0.940874877
2123,sweeney,0.940874877
2160,testimony,0.940874877
2199,tim,0.940874877
2250,trust,0.940874877
2260,twitterec,0.940874877
2316,vestager,0.940874877
2419,workings,0.940874877
10,academy,0.949492746
13,accessing,0.949492746
14,acclaim,0.949492746
22,across,0.949492746
24,actor,0.949492746
39,advocate,0.949492746
81,am,0.949492746
99,announce,0.949492746
101,announcement,0.949492746
102,announcing,0.949492746
136,asked,0.949492746
144,athletes,0.949492746
170,backlash,0.949492746
177,banning,0.949492746
207,believe,0.949492746
251,born,0.949492746
264,breast,0.949492746
302,canadian,0.949492746
361,chest,0.949492746
363,children,0.949492746
369,choreographer,0.949492746
404,comfortable,0.949492746
494,create,0.949492746
502,criticise,0.949492746
510,crucial,0.949492746
614,divorce,0.949492746
679,elliot,0.949492746
685,emma,0.949492746
711,especially,0.949492746
761,facing,0.949492746
802,film,0.949492746
803,films,0.949492746
868,freeing,0.949492746
903,gay,0.949492746
914,getting,0.949492746
916,girls,0.949492746
930,gonna,0.949492746
958,hailed,0.949492746
1009,hiding,0.949492746
1021,hollywood,0.949492746
1028,horrible,0.949492746
1055,imperative,0.949492746
1062,inception,0.949492746
1096,inspiring,0.949492746
1107,international,0.949492746
1110,interview,0.949492746
1121,involves,0.949492746
1154,joy,0.949492746
1157,juno,0.949492746
1168,kids,0.949492746
1189,las,0.949492746
1215,letter,0.949492746
1220,lgbt,0.949492746
1278,major,0.949492746
1299,married,0.949492746
1301,masculine,0.949492746
1324,medical,0.949492746
1351,mirror,0.949492746
1385,moves,0.949492746
1420,netflix,0.949492746
1437,nominated,0.949492746
1477,omission,0.949492746
1500,oprah,0.949492746
1510,oscar,0.949492746
1516,outlawing,0.949492746
1532,page,0.949492746
1536,panicked,0.949492746
1600,play,0.949492746
1620,portner,0.949492746
1637,pregnant,0.949492746
1661,probably,0.949492746
1678,prominent,0.949492746
1770,referring,0.949492746
1794,removal,0.949492746
1840,rights,0.949492746
1885,saving,0.949492746
1954,shirt,0.949492746
1966,shower,0.949492746
1976,simple,0.949492746
1994,social,0.949492746
2024,sports,0.949492746
2041,starred,0.949492746
2042,starring,0.949492746
2116,surgery,0.949492746
2122,swathe,0.949492746
2146,tearful,0.949492746
2149,teenager,0.949492746
2153,telling,0.949492746
2206,tired,0.949492746
2207,tissue,0.949492746
2227,towel,0.949492746
2236,trans,0.949492746
2237,transgender,0.949492746
2238,transition,0.949492746
2239,transitioning,0.949492746
2244,treatments,0.949492746
2267,umbrella,0.949492746
2306,vegas,0.949492746
2333,waist,0.949492746
2363,wear,0.949492746
2404,winfrey,0.949492746
2437,young,0.949492746
2441,yourself,0.949492746
2442,youth,0.949492746